{
    "data": [
        {"proj_code": "ssdsad-1231", "client_legal_entity": "rwyquetyu", "POC": "wtqgdsafvxzv", "deliverable_type": "Abstract","due_date":"08/05/2019 17:00 hrs","milestone": "ghjggys","delivery_date":"08/05/2019 17:00 hrs"},
        {"proj_code": "ssdsad-1231", "client_legal_entity": "rwyquetyu", "POC": "wtqgdsafvxzv", "deliverable_type": "Abstract","due_date":"08/05/2019 17:00 hrs","milestone": "ghjggys","delivery_date":"08/05/2019 17:00 hrs"},
        {"proj_code": "ssdsad-1231", "client_legal_entity": "rwyquetyu", "POC": "wtqgdsafvxzv", "deliverable_type": "Abstract","due_date":"08/05/2019 17:00 hrs","milestone": "ghjggys","delivery_date":"08/05/2019 17:00 hrs"},
        {"proj_code": "ssdsad-1231", "client_legal_entity": "rwyquetyu", "POC": "wtqgdsafvxzv", "deliverable_type": "Abstract","due_date":"08/05/2019 17:00 hrs","milestone": "ghjggys","delivery_date":"08/05/2019 17:00 hrs"}
    ]
}