{
    "data": [
        {"proj_code": "ssdsad-1231", "client": "rwyquetyu", "POC": "wtqgdsafvxzv", "deliverable_type": "Abstract","ta":"08/05/2019 17:00 hrs","molecule":"cvfsfs","primary_resource":"tfdgdssad","milestone": "ghjggys","status":"In Discussion"},
        {"proj_code": "ssdsad-1231", "client": "rwyquetyu", "POC": "wtqgdsafvxzv", "deliverable_type": "Abstract","ta":"08/05/2019 17:00 hrs","molecule":"cvfsfs","primary_resource":"tfdgdssad","milestone": "ghjggys","status":"On Hold"},
        {"proj_code": "ssdsad-1231", "client": "rwyquetyu", "POC": "wtqgdsafvxzv", "deliverable_type": "Abstract","ta":"08/05/2019 17:00 hrs","molecule":"cvfsfs","primary_resource":"tfdgdssad","milestone": "ghjggys","status":"On Hold"}
    ]
}