{
    "data": [
        {"sow_code": "erewqq-SOW", "proj_code": 3123, "short_title": "wqeqweq", "client": "dhfjsg", "deliverable_type": "Abstract","project_type":"deliverable","status": "status 1","createdBy":"dsfsfs","createdDate&Time":"08/05/2019 17:00 hrs"},
        {"sow_code": "erewqq-SOW", "proj_code": 3123, "short_title": "wqeqweq", "client": "erwerewrw", "deliverable_type": "Manuscript","project_type":"deliverable","status": "status 1","createdBy":"dsfsfs","createdDate&Time":"08/05/2019 17:00 hrs"},
        {"sow_code": "erewqq-SOW", "proj_code": 3123, "short_title": "wqeqweq", "client": "asdasdad", "deliverable_type": "Abstract","project_type":"deliverable","status": "status 1","createdBy":"dsfsfs","createdDate&Time":"08/05/2019 17:00 hrs"},
        {"sow_code": "erewqq-SOW", "proj_code": 3123, "short_title": "wqeqweq", "client": "vbncvbc", "deliverable_type": "Manuscript","project_type":"deliverable","status": "status 1","createdBy":"dsfsfs","createdDate&Time":"08/05/2019 17:00 hrs"},
        {"sow_code": "erewqq-SOW", "proj_code": 3123, "short_title": "wqeqweq", "client": "uytutyu", "deliverable_type": "Abstract","project_type":"deliverable","status": "status 1","createdBy":"dsfsfs","createdDate&Time":"08/05/2019 17:00 hrs"},
        {"sow_code": "erewqq-SOW", "proj_code": 3123, "short_title": "wqeqweq", "client": "fgfdgdsg", "deliverable_type": "Manuscript","project_type":"deliverable","status": "status 1","createdBy":"dsfsfs","createdDate&Time":"08/05/2019 17:00 hrs"},
        {"sow_code": "erewqq-SOW", "proj_code": 3123, "short_title": "wqeqweq", "client": "sasdad", "deliverable_type": "Abstract","project_type":"deliverable","status": "status 1","createdBy":"dsfsfs","createdDate&Time":"08/05/2019 17:00 hrs"}
    ],

    "budget":[
        {"total": 21312, "revenue": 21312, "oop": 0, "tax": 0, "budget_hours": 48 }
    ],

    "po":[
        {"number_name":"341231231-2019_erwqasfw","total": 21312, "revenue": 21312, "oop": 0, "tax": 0},
        {"number_name":"Scheduled + Invoiced","total": 21312, "revenue": 21312, "oop": 0, "tax": 0}
    ],

    "poinfo":[
        {"inv_number": "AAS12-2312-1232", "prf_number": "ASAD-PRF-231-324", "date": "May 13 ,2019", "amount": 2131, "type": "revenue","status": "Approved","poc": "asfdhasgf hsagdhja" ,"address": "POC" },
        {"inv_number": "AAS12-2312-1232", "prf_number": "ASAD-PRF-231-324", "date": "May 13 ,2019", "amount": 4353, "type": "revenue","status": "Approved","poc": "asfdhasgf hsagdhja" ,"address": "POC" },
        {"inv_number": "", "prf_number": "ASAD-PRF-231-324", "date": "May 13 ,2019", "amount": 968, "type": "revenue","status": "Proforma Created","poc": "asfdhasgf hsagdhja" ,"address": "POC" },
        {"inv_number": "", "prf_number": "", "date": "May 13 ,2019", "amount": 968, "type": "revenue","status": "Proforma Created","poc": "asfdhasgf hsagdhja" ,"address": "POC" }
    ],
    "allsow":[
        {"sow_code": "erewqq-SOW", "short_title": "wqeqweq", "client": "dhfjsg", "poc":"efwqdas sdaswqd","createdBy":"dsfsfs","createdDate&Time":"08/05/2019 17:00 hrs"}
    ]
}