{
    "data": [
        {"proj_code": "ssdsad-1231", "client_legal_entity": "rwyquetyu", "POC": "wtqgdsafvxzv", "deliverable_type": "Abstract","due_date":"08/05/2019 17:00 hrs","milestone": "ghjggys","previous_task_owner":"dsfsfs","previous_task_status":"fsasdad"},
        {"proj_code": "ssdsad-1231", "client_legal_entity": "rwyquetyu", "POC": "wtqgdsafvxzv", "deliverable_type": "Abstract","due_date":"08/05/2019 17:00 hrs","milestone": "ghjggys","previous_task_owner":"dsfsfs","previous_task_status":"fsasdad"},
        {"proj_code": "ssdsad-1231", "client_legal_entity": "rwyquetyu", "POC": "wtqgdsafvxzv", "deliverable_type": "Abstract","due_date":"08/05/2019 17:00 hrs","milestone": "ghjggys","previous_task_owner":"dsfsfs","previous_task_status":"fsasdad"},
        {"proj_code": "ssdsad-1231", "client_legal_entity": "rwyquetyu", "POC": "wtqgdsafvxzv", "deliverable_type": "Abstract","due_date":"08/05/2019 17:00 hrs","milestone": "ghjggys","previous_task_owner":"dsfsfs","previous_task_status":"fsasdad"},
        {"proj_code": "ssdsad-1231", "client_legal_entity": "rwyquetyu", "POC": "wtqgdsafvxzv", "deliverable_type": "Abstract","due_date":"08/05/2019 17:00 hrs","milestone": "ghjggys","previous_task_owner":"dsfsfs","previous_task_status":"fsasdad"},
        {"proj_code": "ssdsad-1231", "client_legal_entity": "rwyquetyu", "POC": "wtqgdsafvxzv", "deliverable_type": "Abstract","due_date":"08/05/2019 17:00 hrs","milestone": "ghjggys","previous_task_owner":"dsfsfs","previous_task_status":"fsasdad"}

    ]
}